{
  "text": " Ajoora, ajoora, ajoora.",
  "segments": [
    {
      "id": 0,
      "seek": 0,
      "start": 0.0,
      "end": 6.0,
      "text": " Ajoora, ajoora, ajoora.",
      "tokens": [
        50364,
        316,
        5134,
        3252,
        11,
        257,
        5134,
        3252,
        11,
        257,
        5134,
        3252,
        13,
        50664
      ],
      "temperature": 0.0,
      "avg_logprob": -0.8017903010050456,
      "compression_ratio": 1.2105263157894737,
      "no_speech_prob": 0.20004498958587646
    }
  ],
  "language": "es"
}