{
  "text": " almohada almohada almohada",
  "segments": [
    {
      "id": 0,
      "seek": 0,
      "start": 0.0,
      "end": 6.5600000000000005,
      "text": " almohada almohada almohada",
      "tokens": [
        50364,
        18667,
        1445,
        1538,
        18667,
        1445,
        1538,
        18667,
        1445,
        1538,
        50692
      ],
      "temperature": 0.0,
      "avg_logprob": -0.5619703531265259,
      "compression_ratio": 1.3,
      "no_speech_prob": 0.19744332134723663
    }
  ],
  "language": "es"
}