{
  "text": " almohada, almohada, almohada",
  "segments": [
    {
      "id": 0,
      "seek": 0,
      "start": 0.0,
      "end": 6.28,
      "text": " almohada, almohada, almohada",
      "tokens": [
        50364,
        18667,
        1445,
        1538,
        11,
        18667,
        1445,
        1538,
        11,
        18667,
        1445,
        1538,
        50678
      ],
      "temperature": 0.0,
      "avg_logprob": -0.4100725991385324,
      "compression_ratio": 1.3333333333333333,
      "no_speech_prob": 0.6761017441749573
    }
  ],
  "language": "es"
}