{
  "text": " Bujo, bujo, bujo.",
  "segments": [
    {
      "id": 0,
      "seek": 0,
      "start": 0.0,
      "end": 5.0,
      "text": " Bujo, bujo, bujo.",
      "tokens": [
        50364,
        4078,
        5134,
        11,
        758,
        5134,
        11,
        758,
        5134,
        13,
        50614
      ],
      "temperature": 0.0,
      "avg_logprob": -0.5602301359176636,
      "compression_ratio": 1.0,
      "no_speech_prob": 0.18246062099933624
    }
  ],
  "language": "es"
}