{
  "text": " Cojite, cojite, cojite.",
  "segments": [
    {
      "id": 0,
      "seek": 0,
      "start": 0.0,
      "end": 5.0,
      "text": " Cojite, cojite, cojite.",
      "tokens": [
        50364,
        3066,
        73,
        642,
        11,
        598,
        73,
        642,
        11,
        598,
        73,
        642,
        13,
        50614
      ],
      "temperature": 0.0,
      "avg_logprob": -0.5155646006266276,
      "compression_ratio": 1.2105263157894737,
      "no_speech_prob": 0.4579956531524658
    }
  ],
  "language": "es"
}