{
  "text": " Heyda, heyda, heyda.",
  "segments": [
    {
      "id": 0,
      "seek": 0,
      "start": 0.0,
      "end": 5.0,
      "text": " Heyda, heyda, heyda.",
      "tokens": [
        50364,
        1911,
        2675,
        11,
        4177,
        2675,
        11,
        4177,
        2675,
        13,
        50614
      ],
      "temperature": 0.0,
      "avg_logprob": -0.7026894887288412,
      "compression_ratio": 1.1111111111111112,
      "no_speech_prob": 0.3846764862537384
    }
  ],
  "language": "es"
}