{
  "text": " hacer, hacer, hacer",
  "segments": [
    {
      "id": 0,
      "seek": 0,
      "start": 0.0,
      "end": 8.0,
      "text": " hacer, hacer, hacer",
      "tokens": [
        50364,
        6720,
        11,
        6720,
        11,
        6720,
        50764
      ],
      "temperature": 0.0,
      "avg_logprob": -0.6964089274406433,
      "compression_ratio": 1.1176470588235294,
      "no_speech_prob": 0.538642406463623
    }
  ],
  "language": "es"
}