{
  "text": " Embra... Embra... Embra...",
  "segments": [
    {
      "id": 0,
      "seek": 0,
      "start": 0.0,
      "end": 6.0,
      "text": " Embra... Embra... Embra...",
      "tokens": [
        50364,
        3968,
        6198,
        485,
        3968,
        6198,
        485,
        3968,
        6198,
        485,
        50664
      ],
      "temperature": 0.0,
      "avg_logprob": -0.8035861651102701,
      "compression_ratio": 1.3,
      "no_speech_prob": 0.5113608837127686
    }
  ],
  "language": "es"
}