{
  "text": " Hielo Hielo Hielo",
  "segments": [
    {
      "id": 0,
      "seek": 0,
      "start": 0.0,
      "end": 2.0,
      "text": " Hielo",
      "tokens": [
        50364,
        389,
        1187,
        78,
        50464
      ],
      "temperature": 0.0,
      "avg_logprob": -0.44422832131385803,
      "compression_ratio": 1.0625,
      "no_speech_prob": 0.32119816541671753
    },
    {
      "id": 1,
      "seek": 0,
      "start": 2.0,
      "end": 4.0,
      "text": " Hielo",
      "tokens": [
        50464,
        389,
        1187,
        78,
        50564
      ],
      "temperature": 0.0,
      "avg_logprob": -0.44422832131385803,
      "compression_ratio": 1.0625,
      "no_speech_prob": 0.32119816541671753
    },
    {
      "id": 2,
      "seek": 0,
      "start": 4.0,
      "end": 6.0,
      "text": " Hielo",
      "tokens": [
        50564,
        389,
        1187,
        78,
        50664
      ],
      "temperature": 0.0,
      "avg_logprob": -0.44422832131385803,
      "compression_ratio": 1.0625,
      "no_speech_prob": 0.32119816541671753
    }
  ],
  "language": "es"
}