{
  "text": " historia historia historia",
  "segments": [
    {
      "id": 0,
      "seek": 0,
      "start": 0.0,
      "end": 2.0,
      "text": " historia",
      "tokens": [
        50364,
        18385,
        50464
      ],
      "temperature": 0.0,
      "avg_logprob": -0.8388957977294922,
      "compression_ratio": 1.3,
      "no_speech_prob": 0.1518859714269638
    },
    {
      "id": 1,
      "seek": 0,
      "start": 2.0,
      "end": 4.0,
      "text": " historia",
      "tokens": [
        50464,
        18385,
        50564
      ],
      "temperature": 0.0,
      "avg_logprob": -0.8388957977294922,
      "compression_ratio": 1.3,
      "no_speech_prob": 0.1518859714269638
    },
    {
      "id": 2,
      "seek": 0,
      "start": 4.0,
      "end": 6.0,
      "text": " historia",
      "tokens": [
        50564,
        18385,
        50664
      ],
      "temperature": 0.0,
      "avg_logprob": -0.8388957977294922,
      "compression_ratio": 1.3,
      "no_speech_prob": 0.1518859714269638
    }
  ],
  "language": "es"
}