{
  "text": " horario",
  "segments": [
    {
      "id": 0,
      "seek": 0,
      "start": 0.0,
      "end": 7.0,
      "text": " horario",
      "tokens": [
        50364,
        2569,
        4912,
        50714
      ],
      "temperature": 0.0,
      "avg_logprob": -0.8025291442871094,
      "compression_ratio": 0.4666666666666667,
      "no_speech_prob": 0.5473853349685669
    }
  ],
  "language": "es"
}