{
  "text": " oja oja oja",
  "segments": [
    {
      "id": 0,
      "seek": 0,
      "start": 0.0,
      "end": 7.6000000000000005,
      "text": " oja oja oja",
      "tokens": [
        50364,
        277,
        2938,
        277,
        2938,
        277,
        2938,
        50744
      ],
      "temperature": 0.0,
      "avg_logprob": -0.6514488326178657,
      "compression_ratio": 0.7857142857142857,
      "no_speech_prob": 0.5319064259529114
    }
  ],
  "language": "es"
}