{
  "text": " Uda Khan Uda Khan Uda Khan",
  "segments": [
    {
      "id": 0,
      "seek": 0,
      "start": 0.0,
      "end": 2.0,
      "text": " Uda Khan",
      "tokens": [
        50364,
        624,
        2675,
        18136,
        50464
      ],
      "temperature": 0.2,
      "avg_logprob": -0.9635680913925171,
      "compression_ratio": 1.3,
      "no_speech_prob": 0.5521019101142883
    },
    {
      "id": 1,
      "seek": 0,
      "start": 2.44,
      "end": 4.44,
      "text": " Uda Khan",
      "tokens": [
        50486,
        624,
        2675,
        18136,
        50586
      ],
      "temperature": 0.2,
      "avg_logprob": -0.9635680913925171,
      "compression_ratio": 1.3,
      "no_speech_prob": 0.5521019101142883
    },
    {
      "id": 2,
      "seek": 0,
      "start": 4.66,
      "end": 6.66,
      "text": " Uda Khan",
      "tokens": [
        50597,
        624,
        2675,
        18136,
        50697
      ],
      "temperature": 0.2,
      "avg_logprob": -0.9635680913925171,
      "compression_ratio": 1.3,
      "no_speech_prob": 0.5521019101142883
    }
  ],
  "language": "es"
}