{
  "text": " rehúsar rehúsar rehúsar",
  "segments": [
    {
      "id": 0,
      "seek": 0,
      "start": 0.0,
      "end": 6.28,
      "text": " rehúsar rehúsar rehúsar",
      "tokens": [
        50364,
        22355,
        10227,
        289,
        22355,
        10227,
        289,
        22355,
        10227,
        289,
        50678
      ],
      "temperature": 0.0,
      "avg_logprob": -0.60944132010142,
      "compression_ratio": 1.3,
      "no_speech_prob": 0.2815553843975067
    }
  ],
  "language": "es"
}