{
  "text": " A ver, a ver, a ver...",
  "segments": [
    {
      "id": 0,
      "seek": 0,
      "start": 0.0,
      "end": 3.8000000000000003,
      "text": " A ver, a ver, a ver...",
      "tokens": [
        50364,
        316,
        1306,
        11,
        257,
        1306,
        11,
        257,
        1306,
        485,
        50554
      ],
      "temperature": 0.0,
      "avg_logprob": -0.711435874303182,
      "compression_ratio": 1.1,
      "no_speech_prob": 0.2669978141784668
    }
  ],
  "language": "es"
}