{
  "text": " Ahi, ahi, ahi.",
  "segments": [
    {
      "id": 0,
      "seek": 0,
      "start": 0.0,
      "end": 4.0,
      "text": " Ahi, ahi, ahi.",
      "tokens": [
        50364,
        2438,
        72,
        11,
        3716,
        72,
        11,
        3716,
        72,
        13,
        50564
      ],
      "temperature": 0.0,
      "avg_logprob": -0.5270945231119791,
      "compression_ratio": 0.875,
      "no_speech_prob": 0.12617850303649902
    }
  ],
  "language": "es"
}