{
  "text": " alcohol alcohol alcohol",
  "segments": [
    {
      "id": 0,
      "seek": 0,
      "start": 0.0,
      "end": 5.28,
      "text": " alcohol alcohol alcohol",
      "tokens": [
        50364,
        7658,
        7658,
        7658,
        50628
      ],
      "temperature": 0.0,
      "avg_logprob": -0.7420546213785807,
      "compression_ratio": 1.2777777777777777,
      "no_speech_prob": 0.3335181474685669
    }
  ],
  "language": "es"
}