{
  "text": " alcohol alcohol alcohol",
  "segments": [
    {
      "id": 0,
      "seek": 0,
      "start": 0.0,
      "end": 5.2,
      "text": " alcohol alcohol alcohol",
      "tokens": [
        50364,
        7658,
        7658,
        7658,
        50624
      ],
      "temperature": 0.0,
      "avg_logprob": -0.8399280707041422,
      "compression_ratio": 1.2777777777777777,
      "no_speech_prob": 0.09781064838171005
    }
  ],
  "language": "es"
}