{
  "text": " almohada, almohada, almohada.",
  "segments": [
    {
      "id": 0,
      "seek": 0,
      "start": 0.0,
      "end": 4.0,
      "text": " almohada, almohada, almohada.",
      "tokens": [
        50364,
        18667,
        1445,
        1538,
        11,
        18667,
        1445,
        1538,
        11,
        18667,
        1445,
        1538,
        13,
        50564
      ],
      "temperature": 0.0,
      "avg_logprob": -0.3444595019022624,
      "compression_ratio": 1.3181818181818181,
      "no_speech_prob": 0.2513074576854706
    }
  ],
  "language": "es"
}