{
  "text": " Asar, asar, asar.",
  "segments": [
    {
      "id": 0,
      "seek": 0,
      "start": 0.0,
      "end": 4.0,
      "text": " Asar, asar, asar.",
      "tokens": [
        50364,
        1018,
        289,
        11,
        382,
        289,
        11,
        382,
        289,
        13,
        50564
      ],
      "temperature": 0.0,
      "avg_logprob": -0.4862452745437622,
      "compression_ratio": 1.0,
      "no_speech_prob": 0.2945513427257538
    }
  ],
  "language": "es"
}