{
  "text": " Bua, bua, bua.",
  "segments": [
    {
      "id": 0,
      "seek": 0,
      "start": 0.0,
      "end": 3.36,
      "text": " Bua, bua, bua.",
      "tokens": [
        50364,
        4078,
        64,
        11,
        758,
        64,
        11,
        758,
        64,
        13,
        50532
      ],
      "temperature": 0.0,
      "avg_logprob": -0.5563230514526367,
      "compression_ratio": 0.875,
      "no_speech_prob": 0.3568854033946991
    }
  ],
  "language": "es"
}